"time{s}","T1\plot{N.m}","T2\plot{N.m}","Theta1\plot{rad}","Theta2\plot{rad}","RR\Omega1{rad/s}","RR\Omega2{rad/s}","X1\plot{m}","Y1\plot{m}","X2\plot{m}","Y2\plot{m}","Xe\plot{m}","Ye\plot{m}","RR\I1\state{N.m.s}","RR\I2\state{N.m.s}"
0,39.2699081698724,0,0,0,0,0,0.0983,0,0.2829,0,0.52,0,0,0
3.125e-005,39.2416208559842,0.0375962960359839,8.8384045893419e-008,-1.17470070413947e-007,0.00282828946858941,-0.00375904225324632,0.0982999999999996,8.68815171132307e-009,0.282899999999999,2.02897873198095e-008,0.519999999999997,-7.56236637533736e-009,0.000343071512539895,-4.36048901376573e-005
6.25e-005,39.2133928987343,0.0742335848794395,2.64952869314108e-007,-3.49395430126239e-007,0.00565020234946204,-0.00742161151079331,0.0982999999999965,2.60448670535765e-008,0.282899999999989,6.08865906717765e-008,0.519999999999975,-2.1955065811153e-008,0.000685369544989745,-8.60906935252024e-005
9.375e-005,39.1852233458721,0.109935704697617,5.2951020834518e-007,-6.92836251641972e-007,0.00846583484899433,-0.0109901062885035,0.0982999999999862,5.20508534803288e-008,0.282899999999958,1.21806704007141e-007,0.519999999999901,-4.24647712571578e-008,0.00102690576718301,-0.00012748523294664
0.00015625,39.1290184482309,0.179216798943026,1.26453116925394e-006,-1.63260331056034e-006,0.0140826495083103,-0.0179135168777498,0.0982999999999214,1.24303413937629e-007,0.282899999999762,2.91391488194122e-007,0.519999999999446,-9.56987567395631e-008,0.00170822538535804,-0.000207796795781897
0.00021875,39.0730207457156,0.245248502235685,2.32152888099018e-006,-2.95907632308909e-006,0.0196771347712752,-0.024510054841953,0.0982999999997351,2.2820628900113e-007,0.282899999999199,5.35834661258264e-007,0.519999999998161,-1.65762334945136e-007,0.00238683644775568,-0.000284316636166655
0.00034375,38.9616707757185,0.367514207220824,5.48522787820539e-006,-6.77428545480549e-006,0.0307963132760025,-0.0367175492948083,0.0982999999985212,5.39197900424886e-007,0.282899999995563,1.27102811141239e-006,0.519999999990123,-3.35154969909708e-007,0.0037355928003791,-0.000425923571819777
0.00046875,38.851139103941,0.477675242685496,1.00253591936892e-005,-1.20216398376812e-005,0.0418267797971778,-0.0477074160693612,0.09829999999506,9.85492808723135e-007,0.282899999985279,2.33129783803925e-006,0.519999999968146,-5.19032967406312e-007,0.00507358838939767,-0.000553406026404589
0.00059375,38.7413841162103,0.576796412857918,1.59364632196893e-005,-1.856965738172e-005,0.0527727230501106,-0.0575867929988832,0.0982999999875173,1.56655433442915e-006,0.282899999963036,3.71823528292688e-006,0.519999999922156,-6.84630482025876e-007,0.00640133130597842,-0.000668006798787045
0.00071875,38.6323645312927,0.665913002187065,2.3210024039831e-005,-2.62906504767709e-005,0.0636383137377768,-0.0664598469663226,0.0982999999735226,2.28154536291054e-006,0.282899999922054,5.43255035396556e-006,0.519999999840113,-8.00962873358736e-007,0.00771932745639233,-0.000770934224809342
0.00096875,38.4163952757378,0.817512436227051,4.18104650470447e-005,-4.48349677402787e-005,0.0851422370882301,-0.0815270687840037,0.0982999999140801,4.10996871292705e-006,0.282899999749729,9.84400014815602e-006,0.519999999511422,-7.86370699502567e-007,0.0103277533588023,-0.000945713997894442
0.00121875,38.2029541779399,0.939336164930975,6.57554274955479e-005,-6.68088340206976e-005,0.106366622055772,-0.093599572322994,0.0982999997874864,6.46375851815439e-006,0.282899999386803,1.55664888385864e-005,0.519999998857664,-2.73885695937262e-007,0.0129022712553651,-0.00108575503894673
0.00146875,37.9917969647205,1.03739108704512,9.49747936045262e-005,-9.14722665033558e-005,0.127336246547165,-0.103281747371995,0.0982999995566566,9.33602219728944e-006,0.282899998731568,2.25987314000477e-005,0.51999999773964,9.10657042346742e-007,0.0154458867061712,-0.00119806826951514
0.0017737019989707,37.7370706419752,1.13079428427126,0.000137668485019515,-0.000124462987547152,0.15259541036462,-0.11245711348939,0.0982999990684791,1.35328120346713e-005,0.282899997358788,3.29436035845385e-005,0.519999995522326,3.43342931329939e-006,0.0185098232772284,-0.00130450251647692
0.0020786539979414,37.4852245078073,1.20131732400422,0.000188016059498227,-0.000159919382758278,0.177528285909021,-0.11933213548663,0.0982999982625456,1.84819785397859e-005,0.28289999511167,4.52220213319742e-005,0.519999992079848,7.30513584160225e-006,0.0215341810807643,-0.00138425277164491
0.0023836059969121,37.2360392291642,1.25416164876991,0.000245919936198115,-0.000197202166877006,0.202157294389834,-0.124430154042606,0.0982999970275744,2.41739294846152e-005,0.282899991692765,5.94232531748254e-005,0.51999998708251,1.26666197113381e-005,0.0245216798094869,-0.00144338978689423
0.0029935099948535,36.7450445282252,1.32077208432493,0.000384048408283545,-0.00027553482366403,0.250566122123303,-0.130699534314173,0.0982999927507103,3.77519576062464e-005,0.282899979956609,9.35428363170584e-005,0.51999997095636,2.82135304529442e-005,0.0303936706135566,-0.00151611459804441
0.0036034139927949,36.2630425600829,1.35421990416701,0.000551378224583827,-0.000356570354494146,0.297929669856031,-0.133639138644231,0.0982999850575183,5.42004767302705e-005,0.282899959021887,0.000135192870182991,0.519999943949154,5.06500409239252e-005,0.0361388689535365,-0.00155021400827308
0.0042133179907363,35.7893670810069,1.36851204148178,0.000747287948168687,-0.000438601502624273,0.344317669145711,-0.134658196635057,0.0982999725527108,7.34583984679723e-005,0.282899925200246,0.000184250874352144,0.519999902394632,8.02584614141215e-005,0.0417657332673747,-0.00156203508096666
0.0048232219886777,35.3236150607799,1.37099727718807,0.000971198151015439,-0.000520742638741794,0.389773320154175,-0.134496014525098,0.0982999536404532,9.54687632367151e-005,0.28289987427572,0.000240586473679887,0.519999842128174,0.000117118399614407,0.0472795037347015,-0.00156015376849113
0.0054331259866191,34.8655104438799,1.36583454107313,0.00122255390012116,-0.000602501595903847,0.434327003098642,-0.133570946127793,0.0982999265385495,0.000120177018445047,0.282899801540636,0.000304066649138122,0.519999758506018,0.000161213529392128,0.0526838654758653,-0.0015494229750824
0.00604302998456049,34.4148310148903,1.355852724558,0.0015008149762987,-0.000683550089282456,0.478003640616718,-0.132167522009388,0.0982998892923199,0.000147530056786243,0.282899701832222,0.000374558451523577,0.519999646440836,0.000212488737975636,0.0579818416068079,-0.0015331432553089
0.00665293398250189,33.9713887578987,1.34305014810926,0.00180545323895853,-0.000763662060489974,0.520824675002575,-0.130486704508477,0.0982998397876858,0.000177475956970999,0.282899569566726,0.00045192972761993,0.51999950043077,0.000270865470676593,0.0631760330778124,-0.00151364577229833
0.00726283798044329,33.5350273860719,1.32866175052344,0.00213595312725754,-0.00084270534996438,0.56280831274376,-0.128652648302523,0.0982997757632486,0.000209964032756328,0.282899398770533,0.000536049440580124,0.519999314581982,0.000336244025752284,0.0682686483358181,-0.00149237072030926
0.00781175157859055,33.1482421863103,1.31502085571949,0.00245509570484136,-0.000912865115609262,0.599891119832004,-0.126937759993902,0.0982997037487735,0.000241335665344152,0.28289920688451,0.000617419633764877,0.519999108094108,0.000400979344914692,0.0727667928356221,-0.00147247801592927
0.00836066517673781,32.7669916867558,1.30106441646834,0.00279441303529172,-0.000982070252442077,0.636319583135201,-0.125196090384624,0.0982996162004717,0.000274690443870948,0.282898973820824,0.000704057038439868,0.519998859483866,0.000471208219014828,0.0771855654342999,-0.00145227464846163
0.00890957877488507,32.3911936088181,1.28696785647464,0.0031535488507244,-0.00105031327601022,0.672103711851815,-0.123445219267413,0.0982995112100272,0.000309993338218353,0.282898694536768,0.000795869172586451,0.519998563757401,0.000546839940630865,0.0815261802476251,-0.00143196454350199
0.0100074059711796,31.6556460140175,1.25871173461791,0.00392988704080104,-0.00118392420605482,0.741776780381483,-0.119951552431517,0.0982992409277796,0.000386306901754203,0.28289797623181,0.000994656142585651,0.519997810063077,0.000713947778907117,0.0899775234602739,-0.0013914380082056
0.0111052331674741,30.9409915232501,1.23086766728582,0.00478136108787762,-0.00131373154089075,0.808984859222846,-0.116518109024128,0.0982988763636498,0.000470006004099965,0.282897008260417,0.00121306470251171,0.51999680365612,0.000901579043764891,0.0981298634237312,-0.00135161006467989
0.0122030603637686,30.2466517815997,1.20368635793733,0.00570529969801839,-0.00143981093610874,0.873799140337175,-0.11316958111319,0.0982984001499854,0.000560827917770638,0.282895744717193,0.00145039821501785,0.519995498956502,0.00110901916001612,0.105991835722899,-0.001312767140913
0.0131911048404337,29.6386549209884,1.17984574510201,0.00659665390894284,-0.00155017389249004,0.930142055343683,-0.110233705047751,0.0982978612040826,0.000648446376276777,0.282894315446159,0.00167961860921039,0.519994030565931,0.00131207252650565,0.112826231313189,-0.00127871097855391
0.0141791493170988,29.0462710060513,1.15658430576631,0.00754276801031458,-0.00165766929864509,0.984649876330536,-0.107370084083405,0.0982972037051416,0.000741447064799455,0.282892572436587,0.001923140477403,0.519992246676969,0.00153010726669484,0.119438029998894,-0.0012454929753675
0.0151671937937638,28.4691170930634,1.13389434733329,0.00854185156283066,-0.00176236973069728,1.03736984986674,-0.104577586079842,0.0982964138791425,0.000839653797897403,0.282890479274932,0.00218049615338052,0.519990111065002,0.00176263850653956,0.125832962788836,-0.00121309999852617
0.0161552382704289,27.906819479629,1.1117697887118,0.00959216061975993,-0.00186434575494249,1.08834806592554,-0.101855250096467,0.09829547776552,0.000942894929544891,0.282887999053088,0.00245123002354296,0.519987586998885,0.00200919390111663,0.132016620396768,-0.00118152090111902
0.017143282747094,27.3590135148867,1.09020337754409,0.010691996242139,-0.00196366633239118,1.13762948428788,-0.0992020060924534,0.0982943812853114,0.00105100320543385,0.282885094548685,0.00273489812698621,0.519984637421755,0.00226931313879122,0.137994456444119,-0.00115074327067246
0.0191193717004241,26.3054593202624,1.04870324801923,0.0130336557323113,-0.0021546106384631,1.23127660629944,-0.094097271609607,0.0982916507038636,0.00128117208433031,0.282877863254146,0.00333931400110537,0.519977312904121,0.00282845621398917,0.149353852344122,-0.00109152835067144
0.0210954606537542,25.305709326994,1.00929788355465,0.0155540903889314,-0.00233572600276395,1.31864943234319,-0.0892511583416454,0.0982881093936045,0.0015289054355459,0.282868487302678,0.00399041236306941,0.5199678405397,0.00343661223136787,0.159952176143229,-0.00103531343676309
0.0228739407117513,24.4497790252201,0.975539786938514,0.0179653581346431,-0.00249073785734747,1.39218612379201,-0.0851002894071141,0.0982841370629929,0.00176589970916528,0.282857972063233,0.0046137040174128,0.519957236606078,0.00402315068204616,0.168872176815971,-0.000987163357122524
0.0246524207697485,23.6334998469509,0.943324552206166,0.0205032962023271,-0.00263853773163736,1.46112435128051,-0.0811397665624298,0.0982793387934445,0.00201533280709737,0.282845272130814,0.00527006107431819,0.519944446800257,0.00464446450403574,0.177234383810326,-0.000941221292124185
0.0264309008277456,22.8551313532264,0.912584890700601,0.0231599187026295,-0.00277945664724594,1.52567808815145,-0.0773612058338304,0.0982736380112161,0.00227641649099068,0.282830185022757,0.00595739109093206,0.519929269179636,0.00529838276838568,0.185064752092771,-0.000897389987672433
0.0282093808857427,22.113006296645,0.88325676811093,0.0259276046742538,-0.00291381124324222,1.58605216395147,-0.0737566205948819,0.0982669612212708,0.00254839799428269,0.282812516392797,0.00667369577537897,0.519911509868922,0.00598283210721338,0.192388127487313,-0.00085557679890063
0.0299878609437398,21.4055292097996,0.855278460661087,0.028799090722462,-0.00304190421406012,1.64244244239498,-0.0703183249958081,0.0982592384155401,0.00283055930834346,0.282792081111588,0.00741706908861042,0.519890984147797,0.00669583471174337,0.199228268262511,-0.000815692569951374
0.0317663410017369,20.7311739675944,0.828590778456891,0.0317674584800867,-0.00316402478353955,1.69503612782736,-0.0670389539279914,0.0982504033959581,0.00312221596490525,0.282768704121751,0.00818569401312036,0.519867517312428,0.00743550498864159,0.205607882305459,-0.0007776518655647
0.0335448210597341,20.0884883585593,0.803137966612235,0.0348261572274362,-0.00328044774856791,1.74401119499413,-0.063911557918384,0.0982403938955414,0.00342271927695923,0.282742220758797,0.00897784850193868,0.519840945003388,0.00820005573577005,0.211548557952788,-0.000741374071853254
0.0351424058904371,19.5370160604171,0.781282657182487,0.0376455554120339,-0.00338039009710977,1.78506143388537,-0.0612263152326998,0.0982303534433226,0.00369968409461239,0.282715656497923,0.00970812191613064,0.519814301823952,0.00890663295054866,0.216527951930295,-0.000710225256699318
0.0367399907211401,19.0089911092188,0.760343359471936,0.0405283897688594,-0.00347613321877222,1.82344975722107,-0.0586536698533325,0.0982192796987954,0.00398285016662617,0.282686359321423,0.0104548935897961,0.519784926823685,0.00963070406347682,0.221184455550915,-0.000680382570298657
0.038337575551843,18.5034732190733,0.740284271670787,0.0434704693535614,-0.00356785459511949,1.85929114831211,-0.0561891541914813,0.0982071367690365,0.00427180144994544,0.282654234306914,0.011217059039491,0.519752725216046,0.0103711225097278,0.225532016290259,-0.000651794188621183
0.039935160382546,18.0195650823933,0.721071257247459,0.0464678158292021,-0.00365572345018902,1.8926952296019,-0.0538285084738008,0.0981938915688422,0.0045661426353614,0.282619193956385,0.011993568811157,0.519717609618731,0.0111267987117515,0.229583931350711,-0.000624410698296089
0.041532745213249,17.5564148555955,0.702672015458048,0.0495166756022873,-0.0037399002837502,1.92376595341625,-0.0515677001270538,0.0981795136792507,0.00486550035513489,0.282581157822275,0.0127834316849307,0.519679499682651,0.0118967033947467,0.233352810149391,-0.000598185321473823
0.043130330043952,17.1130136580024,0.685048228410376,0.0526126196874384,-0.00382057509607764,1.95262635274981,-0.0494019473606494,0.0981639798677173,0.00516943483665161,0.28254006446006,0.0135854801268655,0.519638334012228,0.0126796239753552,0.236853576588552,-0.000573062589383533
0.044727914874655,16.6886924383813,0.668174589548486,0.0557527291818822,-0.00389787379261147,1.9793579272397,-0.0473280899917912,0.0981472633408413,0.00547765448924549,0.282495843010318,0.0143989400067579,0.519594041832646,0.0134747564707853,0.240096116574175,-0.000549005843904778
0.046325499705358,16.282727108405,0.652023781435915,0.0589338576742082,-0.0039719325808224,2.0040488177757,-0.0453427152394796,0.0981293416434151,0.0057898453027617,0.282448434085366,0.0152229776597437,0.519546563813574,0.0142812349210299,0.243091121596193,-0.000525975496777963
0.0477633260529907,15.9324864225457,0.638084726862469,0.0618294947712975,-0.00403592183323193,2.02459470087619,-0.0436288635200872,0.0981121649830441,0.00607396759457354,0.28240299656311,0.0159730056631954,0.51950106554449,0.0150160911943509,0.245583337216281,-0.000506094816833012
0.0492011524006234,15.5959889905544,0.624688728430082,0.0647535022497921,-0.00409749825918861,2.04362440668285,-0.0419813815470652,0.098093985261318,0.00636082192427355,0.282354906111986,0.0167303150632264,0.519452915720497,0.0157588009445162,0.247891640530629,-0.000486984025945956
0.0506389787482561,15.2727568411575,0.611817756935657,0.067703833409437,-0.00415675166054286,2.06119596582431,-0.0403980173908514,0.0980747918304402,0.0066502035619843,0.28230413457061,0.0174943623001195,0.519402086197383,0.0165087993195994,0.250023070654489,-0.000468617001733876
0.0519330224611255,14.9928366604099,0.600669473266587,0.070380132370382,-0.00420815985320363,2.07580648909434,-0.0390261480606405,0.0980566426849319,0.00691265689583889,0.282256125803175,0.0181873647861228,0.519354026450634,0.0171896130297337,0.251795327127143,-0.00045270331750343
0.0532270661739949,14.7229007917202,0.589917732027516,0.0730745202390915,-0.00425782921111154,2.08932813661977,-0.0377026271471939,0.0980376613966238,0.00717683411268028,0.282205916156721,0.0188849667004563,0.519303766954026,0.0178754384448162,0.253435502971978,-0.00043735047490745
0.0545211098868643,14.4626525277809,0.579551337124009,0.0757857456005004,-0.0043058154186819,2.10179683620665,-0.0364260566189914,0.0980178430811974,0.00744260960347629,0.282153492712843,0.0195868345365185,0.519251294793735,0.0185659288553623,0.254947956231866,-0.0004225422567803
0.0558151535997338,14.2117696977051,0.569558098475728,0.0785124561295944,-0.00435217891488073,2.11325156656876,-0.0351949152731692,0.0979971848857044,0.00770984788936059,0.282098847925118,0.0202926085734714,0.519196602418425,0.0192607102103709,0.25633741502479,-0.000408261017168763
0.0584032410254726,13.7370465614511,0.550651331272846,0.0840079418882728,-0.00444023537434844,2.13324645140076,-0.0328639562555423,0.0979533359680986,0.00824827089278767,0.281982860234412,0.0217147017733937,0.519080522943182,0.0206619254255124,0.258762794554913,-0.000381221892564291
0.0609913284512115,13.2963487358786,0.533107334928615,0.0895510853287776,-0.00452244525756176,2.14960051675549,-0.0306985072050527,0.0979061099787879,0.00879111078428048,0.281857940737609,0.023148611370999,0.51895551609655,0.0220763432555358,0.260746542682441,-0.000356102683578611
0.0635794158769503,12.8873180208112,0.516836294212461,0.0951321985170808,-0.00459925030787819,2.16259802232071,-0.0286873778818552,0.0978555212230081,0.00933739611312541,0.281724127258045,0.0245917577977876,0.518821619562058,0.0235012793942995,0.262323140107502,-0.00033277358342952
0.0661675033026892,12.5078297548502,0.501757144284239,0.100742676304524,-0.00467104804035315,2.1724944599796,-0.0268204742266582,0.097801594126722,0.009886262502682,0.281581484387521,0.0260418457052066,0.518678897786549,0.024934344242221,0.263523577995526,-0.000311117501029235
0.068755590728428,12.1559677796917,0.487796663633645,0.10637487383426,-0.00473819649952025,2.17951966984678,-0.0250886838657633,0.0977443618280395,0.0104369406834235,0.281430099761009,0.0274968322035143,0.518527438258494,0.0263734100170552,0.264375735952414,-0.000291028732842854
0.0713436781541669,11.8299488117817,0.47488650795204,0.112021772201753,-0.00480102849769489,2.18388707480031,-0.0234835083067296,0.0976838673923237,0.0109887238239445,0.281270087269719,0.028954840127402,0.518367354712329,0.0278165206436306,0.264905502173277,-0.000272408696358063
0.0743965381411642,11.4763330947088,0.46092062579827,0.118692852970944,-0.00487001830600449,2.18589324266165,-0.0217419710498045,0.0976083876517976,0.0116401314432614,0.281070438404053,0.0306762102387985,0.518167626749978,0.0295215334627174,0.265148850334858,-0.000252206864177733
0.0774493981281616,11.1537336327218,0.448225280377453,0.12536535410582,-0.00493392244682503,2.18479068318596,-0.0201529158036202,0.0975285465723619,0.0122911595662343,0.280859254418172,0.0323966930567744,0.517956368491348,0.0312268647909491,0.265015109870457,-0.000233773823321994
0.080502258115159,10.8597215354676,0.436705907778071,0.132030140795635,-0.00499319199976906,2.18086795946231,-0.0187046307789618,0.0974444631512921,0.012940888731323,0.280636850026384,0.034113846308596,0.517733894347914,0.0329299654048782,0.264539283482778,-0.000216973717035957
0.0835551181021564,10.5920581082452,0.426274855267228,0.138678973203703,-0.00504824161914348,2.1743901401442,-0.0173862774310054,0.0973562681304344,0.0135884898246625,0.280403571007153,0.0358254675220595,0.517500549797234,0.0346285345180974,0.263753523999492,-0.000201680818199662
0.0866079780891538,10.3486774585257,0.416850746164885,0.145304419822665,-0.00509945279604746,2.16560097202134,-0.0161878106362512,0.0972641021811499,0.0142332156203313,0.280159789402633,0.037529571575099,0.517256706585463,0.0363204965573875,0.262687397906189,-0.000187778603380514
0.0927136980631485,9.9272051271211,0.400723369699881,0.158458693376833,-0.00519175011632223,2.14197683739097,-0.0141135863883769,0.0970684650473873,0.0155113859259623,0.279642325273809,0.0409081729432165,0.516739129852364,0.0396772145205847,0.259821790375524,-0.000163717602105172
0.0988194180371433,9.58169571158937,0.387779211261095,0.171447015014586,-0.00527257352000981,2.11158617075538,-0.0124150535260605,0.0968588164023387,0.0167707985837896,0.279087802388322,0.0442374237508069,0.51618450670222,0.0429873023614671,0.256135402512627,-0.000144014620902302
0.104925138011138,9.3005309417285,0.377547558917805,0.18423253078029,-0.00534402740102491,2.07577506891294,-0.011034618886656,0.0966364823154315,0.0180077840307822,0.278499727958824,0.0475075699440556,0.515596342341429,0.0462405070782224,0.25179151585914,-0.000128001579085209
0.110420285987733,9.09425170277827,0.370320001750359,0.195541741003159,-0.00540180081669601,2.03985694169362,-0.0100229960915558,0.0964266530893734,0.0190994914587178,0.277944730018539,0.0503937742282634,0.515041270802908,0.0491130134832955,0.247434647027436,-0.000116266754662047
0.115915433964329,8.92575275515496,0.364698464495561,0.206645812032357,-0.00545453538801581,2.00118648130996,-0.00919716950947708,0.0962086306768195,0.0201690203850198,0.277368061944944,0.0532214325535531,0.514464534859269,0.0519281686259321,0.242743920182899,-0.000106687166309934
0.120852601562501,8.80208362321989,0.360828805766666,0.2164362712311,-0.00549839982097149,1.96460109850976,-0.00859088147180909,0.0960065589497348,0.0211099653867812,0.276833583920567,0.0557091941001408,0.513929999878507,0.0544055300714272,0.238306113249233,-9.96542250729854e-005
0.125789769160673,8.70106405450064,0.357925253060894,0.226042646656666,-0.00553954929270152,1.92667117825385,-0.00809477884258177,0.0957993419898764,0.0220312522183082,0.276285497239132,0.0581450226582938,0.51338185935125,0.0568316022384208,0.233705213922192,-9.38994345739485e-005
0.130726936758845,8.61966543629505,0.355858613035282,0.235459097402213,-0.00557849055617503,1.88772878634667,-0.00769340852265306,0.0955876416436951,0.0229323519290221,0.275725552403877,0.0605275075680606,0.512821863189975,0.0592048543172803,0.228981501783851,-8.92435388627755e-005
0.135664104357017,8.55523975443723,0.354514987962339,0.2446813634921,-0.00561565652560674,1.84806002408302,-0.00737321616820023,0.0953720915451592,0.0238128989058824,0.275155425304325,0.0628556718823571,0.512251686768981,0.0615242067182532,0.22416968092127,-8.55293075511227e-005
0.140601271955189,8.50546319896254,0.35379382609361,0.253706498305341,-0.00565141739506137,1.80791200556428,-0.00712229563405413,0.0951532956918969,0.0246726633943406,0.274576713449322,0.0651288994312497,0.511672927148023,0.0637889554995446,0.219299726274947,-8.26186293550279e-005
0.14553843955336,8.46829883865561,0.353606397811603,0.262532689226935,-0.00568608817613134,1.767497486987,-0.00693019890050356,0.0949318266064802,0.0255115326305022,0.273990931103122,0.0673468847445852,0.511087098202418,0.0659987205027694,0.214397445171524,-8.03903072458413e-005
0.150475607151532,8.44196548273625,0.353874575517253,0.271159111468401,-0.00571993494802252,1.72699871137161,-0.00678778281161267,0.0947082239217751,0.0263294952777851,0.273399505543186,0.0695095917443796,0.510495626875665,0.0681534025634535,0.209484943689377,-7.87382806147069e-005
0.155412774749704,8.42489647949294,0.354529416295559,0.279585736926777,-0.00575318314537745,1.68657248440406,-0.00668702590266864,0.0944829952506238,0.0271266217666446,0.272803779359624,0.0716172015543017,0.50989985547021,0.0702531293554924,0.204581242358213,-7.75695004709562e-005
0.160349942347876,8.41572176947667,0.355510428482775,0.287813250438546,-0.00578602124615246,1.64635238784684,-0.00662093661751518,0.0942566152690635,0.0279030549943864,0.272205008030049,0.0736700878165571,0.509301039219258,0.072298229833644,0.199702544645822,-7.6802864763176e-005
0.165287109946048,8.41324123145588,0.356764367518244,0.295842930096744,-0.00581860617473194,1.60645204335794,-0.00658340587816466,0.0940295264667161,0.028658997757164,0.27160436190377,0.075668783326239,0.508700348265214,0.0742891995868128,0.194862632859318,-7.636750818671e-005
0.17022427754422,8.41641478603418,0.358244698260982,0.303676597624862,-0.00585106546144881,1.56696635025951,-0.00656914251885422,0.0938021385932485,0.0293947069271495,0.271002924737547,0.0776139645806997,0.508098866193784,0.076226684875401,0.190073018286479,-7.62020532187089e-005
0.17587943812543,8.42583067657733,0.360166685231766,0.312411542361813,-0.00588822370457603,1.52235003752044,-0.00657555000029647,0.093541802223676,0.0302129316145701,0.270314339314789,0.079777288836691,0.507410229058466,0.0783811990637149,0.18466105955123,-7.6276380003439e-005
0.179863256115966,8.43556304757046,0.361638659365816,0.318414443866433,-0.00591444925069127,1.49136229289803,-0.00659161968312526,0.0933587526840256,0.0307739061102576,0.26983017625583,0.0812604458495762,0.506926029304755,0.0798581381078907,0.180902246128531,-7.6462788324253e-005
0.183847074106502,8.44744455734583,0.363189617483117,0.324294678427856,-0.00594075442192303,1.46077296911338,-0.00661518963869655,0.093176181905015,0.0313223422751805,0.269347279475134,0.0827104376007303,0.506443095554084,0.081301893012518,0.177191761153453,-7.67361998088799e-005
0.187830892097037,8.46115795919828,0.364805343175957,0.330053887334982,-0.00596716568605218,1.4306055843925,-0.00664470588733483,0.0929942457373823,0.0318584409495405,0.268866061188595,0.0841277946992356,0.505961839983408,0.0827129881112929,0.173532457386811,-7.70785882930841e-005
0.191814710087573,8.47642017295393,0.366473240156078,0.33569379454011,-0.00599370382131449,1.4008798269913,-0.00667880490903535,0.0928130890369884,0.0323824104015136,0.268386904531763,0.0855130675311905,0.505482645696756,0.0840919688638989,0.169926723014044,-7.747413694481e-005
0.195798528078109,8.49297762069143,0.368181970135982,0.341216187538185,-0.00602038486908457,1.37161211722717,-0.00671627266817534,0.092632846300831,0.0328944643702648,0.267910165241963,0.0868668210617371,0.505005868406164,0.085439396432156,0.166376549819656,-7.79087629508339e-005
0.199782346068644,8.51060645634882,0.369921471829246,0.346622918323867,-0.00604722008051634,1.34281557973303,-0.00675604678034286,0.0924536417016,0.0333948219955156,0.267436171749721,0.0881896346499917,0.50453183652331,0.0867558475076014,0.162883529821616,-7.83701426519772e-005
0.20376616405918,8.52911125152515,0.371683060018211,0.351915891394124,-0.00607421628706231,1.31450023486411,-0.00679722456650959,0.0922755895659883,0.0338837065600751,0.266965226443833,0.0894820987145994,0.504060852424212,0.0880419108891949,0.159448878489016,-7.88478049715113e-005
0.207749982049716,8.54831648975017,0.373458933235406,0.357097038989284,-0.00610137740219661,1.28667397306581,-0.00683900631255755,0.0920987953330855,0.0343613430790246,0.266497608206093,0.0907448083228232,0.503593194981908,0.0892981807163556,0.156073552932882,-7.93324732256676e-005
0.211733800040251,8.56806420475859,0.375242070305031,0.362168317455214,-0.00612870478348107,1.25934280923531,-0.00688068311309775,0.0919233558511153,0.0348279578653303,0.266033573196104,0.0919783620333161,0.503129120350846,0.0905252552258888,0.152758282760243,-7.98159241119339e-005
0.215717618030787,8.58821622736927,0.377026392130334,0.367131704791696,-0.00615619699832765,1.23251067029184,-0.00692165422139517,0.0917493596424095,0.0352837782161689,0.265573355552174,0.0931833610718252,0.50266886266819,0.0917237359832263,0.1495035443064,-8.02911889681839e-005
0.219701436021323,8.60865139509863,0.378806623142572,0.371989192686244,-0.00618385031191773,1.20617971404616,-0.00696141075466858,0.0915768873712523,0.0357290316044666,0.265117168628678,0.0943604071816692,0.50221263529057,0.0928942256172202,0.146309599313799,-8.07523647541556e-005
0.223685254011858,8.62926408571708,0.380578140507377,0.376742779284312,-0.00621165900970147,1.18035051199397,-0.00699951900223033,0.0914060123045561,0.0361639449532173,0.2646652062145,0.0955101006969505,0.501760632012115,0.094037325816891,0.143176517104869,-8.11944204258719e-005
0.227669072002394,8.64995962035802,0.382336820797798,0.381394463573896,-0.00623961604782548,1.15502253708196,-0.00703560184065236,0.0912368007291571,0.0365887440712042,0.264217643636668,0.0966330390351641,0.501313028167204,0.0951536356698229,0.140104233748042,-8.16129813515673e-005
0.23165288999293,8.67065885071443,0.384079293270501,0.385946238849488,-0.00626771261712629,1.13019373766836,-0.00706936624141864,0.0910693124132109,0.0370036530167629,0.263774638980808,0.0977298150243578,0.500869981851601,0.096243750092699,0.137092500379172,-8.20046484004562e-005
0.236455842593814,8.69552176541399,0.38615439697116,0.391303912820408,-0.00630175769839115,1.1009190763438,-0.00710665120516023,0.090869752798909,0.0374910392796088,0.263246806006606,0.099018154719092,0.500342098146793,0.0975240178580805,0.133541483960503,-8.24371539798586e-005
0.241258795194698,8.72018741061896,0.388197393539872,0.396522700110669,-0.00633597226963806,1.072358575372,-0.00713987800579688,0.0906728584780565,0.0379647564909658,0.262726022587547,0.100270336378253,0.499821263467705,0.0987680874043525,0.130077095192623,-8.28225848672438e-005
0.246061747795583,8.74456893648062,0.390204749739455,0.401606011990231,-0.00637033613143984,1.04450386338802,-0.00716879431674635,0.0904787011179976,0.0384251824198669,0.262212478283751,0.101487359650044,0.499307667400843,0.0999769631689404,0.126698318628967,-8.31580140742576e-005
0.250864700396467,8.76859409288048,0.392173641446097,0.406557215349759,-0.00640482811834825,1.0173453309504,-0.0071932235528685,0.0902873419890888,0.0388726880540223,0.261706335155881,0.102670206268431,0.498801472035362,0.101151631904068,0.123403988644283,-8.34413932132746e-005
0.255667652997351,8.79220379648961,0.394101702763572,0.411379628536902,-0.00643942636459774,0.990872294653768,-0.00721303845336846,0.0900988327079486,0.0393076372307608,0.261207729730978,0.103819839070912,0.498302813928543,0.10229306163153,0.120192809341502,-8.36712460590741e-005
0.260470605598236,8.81535043350429,0.395987160091827,0.416076516395727,-0.00647410855821135,0.965073191658176,-0.00722817321812595,0.0899132160003669,0.0397303862109514,0.260716775020288,0.104937200865738,0.497811806123267,0.103402200449661,0.117063378148137,-8.3846809330261e-005
0.26527355819912,8.83799742332009,0.397828917760451,0.420651078940419,-0.00650885216447337,0.939935679953135,-0.00723863095367822,0.089730526709296,0.040141282695902,0.26023356318534,0.106023211826524,0.497328540813768,0.104479973874967,0.114014197978315,-8.39681190626674e-005
0.270076510800004,8.86011469420274,0.399626003987817,0.425106464759233,-0.00654363477449421,0.915447023770804,-0.00724442652631066,0.0895507918045477,0.0405406670786083,0.259758165563536,0.107078772793778,0.496853089370698,0.105527288061012,0.111043723983399,-8.40353477052036e-005
0.274879463400889,8.88167970684689,0.401377723592936,0.429445761775184,-0.00657843411899239,0.891594037426632,-0.00724560176433162,0.0893740312640117,0.0409288716631605,0.259290634998945,0.108104763209945,0.496385504671895,0.106545027730188,0.10815035673985,-8.40489804662468e-005
0.284485368602657,8.9231036123479,0.404744675487229,0.437787999623798,-0.00664799634735816,0.84574045763346,-0.0072344858119321,0.0890294869595724,0.0416730182698029,0.258379317046693,0.110071411548764,0.495474077647328,0.108495183225325,0.102588317510939,-8.39200354184123e-005
0.293130683284249,8.95839110971743,0.407619526996227,0.444928570469857,-0.00671044483697951,0.806508853666212,-0.00720972851472513,0.0887296506519143,0.0423076718242596,0.257586251137011,0.111748617564765,0.494680912842255,0.110157583034712,0.0978295239497115,-8.36328507708115e-005
0.300911466497681,8.98852528247498,0.410082805165734,0.451071547463642,-0.00676641951420962,0.772780551421535,-0.00717618294552526,0.0884680830786443,0.0428519343366211,0.256894405581509,0.113186890740329,0.49398897785768,0.111582584915614,0.0937382808874321,-8.3243722168093e-005
0.308692249711114,9.01714380015946,0.4124313988291,0.45695766763178,-0.00682209470773676,0.740488098812395,-0.00713266634422623,0.0882143203538437,0.0433719227670326,0.256223203547354,0.114560966691925,0.493317686136024,0.112943460583507,0.0898212063859436,-8.27389295930242e-005
0.316473032924547,9.04427917761276,0.414668558920894,0.462597916830414,-0.00687739504282924,0.709573315073894,-0.00707988067794326,0.0879682900468596,0.0438687809977844,0.255572453471065,0.115873872673517,0.492666846248573,0.114243255163244,0.0860712431184634,-8.21266158641418e-005
0.324253816137979,9.06997627234475,0.416798024822613,0.468002791878305,-0.00693225114038898,0.679979230361243,-0.00701854678031641,0.0877299010301006,0.0443435955381242,0.254941914335846,0.117128484052118,0.492036217307309,0.115484860471164,0.0824814806428188,-8.14151426516704e-005
0.332034599351412,9.09428685307902,0.418823821723361,0.473182363565134,-0.00698659912111617,0.651650313853668,-0.00694938656675519,0.0874990444205036,0.0447974019949677,0.254331298161765,0.118327541433939,0.491425511455453,0.11667103225881,0.07904518307045,-8.06128841743602e-005
0.339815382564844,9.11726707061784,0.420750152570334,0.478146350753304,-0.00704037971001502,0.624532356158937,-0.00687311670695826,0.087275593567046,0.0452311924176203,0.253740269972831,0.119473670111426,0.4908343938356,0.117804409872283,0.0757557748020791,-7.97281538007158e-005
0.347596165778277,9.13897724829195,0.422581325055946,0.482903938852935,-0.00709354070390536,0.598573397893373,-0.0067904289860678,0.0870594152719087,0.0456459002815516,0.253168477476132,0.12056934028937,0.490262512264343,0.118887475893322,0.0726069531644661,-7.87689762383865e-005
0.355376948991709,9.15947899351566,0.424321668295168,0.487463946208588,-0.00714603480160882,0.573723186592738,-0.00670199282147269,0.0868503652115401,0.0460424159077486,0.252615538951015,0.121616907918238,0.4897094851246,0.119922597487086,0.0695926225336991,-7.77431167290833e-005
0.363157732205142,9.17883391333465,0.425975457437086,0.491834755032891,-0.00719782049978864,0.549933650489319,-0.00660844324476536,0.0866482936624977,0.0464215812459848,0.252081058393551,0.122618600875592,0.489174916508174,0.12091201237118,0.0667069518043544,-7.66579416392782e-005
0.370938515418575,9.19710259465315,0.427546844072484,0.496024442627086,-0.00724886029553342,0.527158344386497,-0.00651038292958131,0.0864530418199246,0.0467842020353277,0.251564615779296,0.123576551171355,0.488658386481167,0.121857861447081,0.063944307174082,-7.55204419831432e-005
0.378719298632007,9.21434407325624,0.429039864774946,0.500040704616367,-0.00729912162555879,0.505352886579784,-0.00640837834970065,0.0862644474543112,0.0471310418450768,0.251065782025028,0.124492779164802,0.488159466043795,0.122762172794447,0.0612993051421278,-7.43371888565276e-005
0.38650008184544,9.2306152113209,0.430458517604459,0.503890891812368,-0.00734857630988552,0.484474836793314,-0.00630297021101833,0.0860823451800294,0.0474628259620756,0.250584119699083,0.125369203859096,0.48767771784132,0.123626872097564,0.058766797703029,-7.31144544478127e-005
0.394536203542498,9.24646019983716,0.431849632858029,0.507700591382701,-0.00739878090754472,0.463841840090018,-0.0061910587480793,0.0859009018190695,0.0477904286094044,0.250104199992354,0.126234551542862,0.487197710362729,0.124480316594828,0.0562640152029192,-7.18162814777199e-005
0.402572325239556,9.26138714726626,0.433169379108628,0.511348096825067,-0.0074480759018616,0.444111618135281,-0.00607655840155478,0.0857260149322718,0.0481034340128843,0.249641622023772,0.127061310866152,0.486735045631077,0.125295388397008,0.0538707392798095,-7.04880774580354e-005
0.410608446936615,9.27545168556896,0.434421640542007,0.514840524730726,-0.00749644211143932,0.425243024776713,-0.00595995349700406,0.0855574946966513,0.0484025319712975,0.249195883724674,0.127851306761407,0.486289221643688,0.126073916984118,0.0515819789054153,-6.91354605652471e-005
0.420042679054273,9.29093369425626,0.435810557220439,0.518751788298452,-0.00755201743877381,0.404138506069354,-0.00582096852817486,0.0853675256917533,0.0487367987999606,0.248693412894812,0.128734157982583,0.485786651668661,0.126943591668182,0.0490220007862127,-6.75232349268283e-005
0.429476911171932,9.30537999958318,0.437117036862355,0.522469064452984,-0.00760627314317451,0.384107494764005,-0.00568033797036294,0.0851857681593429,0.0490537960111415,0.248212661276454,0.129571361899434,0.485305802552904,0.127767931926996,0.0465922391148738,-6.58919204562102e-005
0.44274039645522,9.32407934624859,0.438824287700456,0.527385743443628,-0.0076802971098042,0.357654165144241,-0.00548094322102459,0.0849435577358896,0.0494720324948307,0.247572010374013,0.13067588740804,0.484665017503841,0.128854906865781,0.0433834502319965,-6.35789413638853e-005
0.456003881738508,9.34106838533913,0.440392322029761,0.531964005395386,-0.00775167098103726,0.333063951476398,-0.00528087729778986,0.0847161723756629,0.0498604065167641,0.24697057158098,0.131701488454888,0.484063448136474,0.12986358567152,0.0404006573140871,-6.12581766543624e-005
0.469267367021796,9.35651675247365,0.44183328892465,0.536227408777171,-0.00782039601498746,0.310202097854021,-0.00508134881752768,0.0845028280687049,0.0502211314925391,0.246406271231701,0.132654019416522,0.483499020917354,0.130799822421517,0.0376275144696927,-5.89436462833211e-005
0.482530852305084,9.37058202256453,0.443158515472078,0.540198474051912,-0.00788648272542981,0.28894024447123,-0.00488343792005878,0.084302730924669,0.0505563008797406,0.245877009525082,0.133539017172868,0.48296963615521,0.131669151502027,0.0350484516543601,-5.66478798726819e-005
0.494467989060044,9.38217305864257,0.4442607040307,0.543539553693114,-0.00794372638772524,0.271075742657413,-0.00470743846444381,0.0841333480839419,0.0508376803186993,0.245428987566641,0.134281944931513,0.482521506770353,0.132398507213492,0.0328814875843442,-5.46062861875482e-005
0.506405125815003,9.39284228185279,0.445283886159615,0.546673955636074,-0.00799888478365572,0.254336810621594,-0.0045339646976829,0.0839735893382182,0.0511011378900342,0.245006421303792,0.134977517740075,0.482098836259429,0.133081002381878,0.0308510551283994,-5.25939904931216e-005
0.518342262569963,9.40267330858559,0.446234334973335,0.549614958441253,-0.00805198913583208,0.238648693922419,-0.00436348781817304,0.0838229378005753,0.0513478830963933,0.244607943591172,0.135628933974958,0.481700257499281,0.133719827980339,0.0289480865727894,-5.06164586908073e-005
0.530279399324922,9.41173876597913,0.447117563661074,0.55237452590506,-0.0081030784486577,0.223944310864031,-0.00419636412281891,0.0836809208683475,0.0515790023422843,0.244232304411814,0.136239066244175,0.48132452047559,0.13431784736866,0.027164444907807,-4.86778238246994e-005
0.545965828735111,9.42259959613633,0.44818471521076,0.555744144247603,-0.00816722045264436,0.206010136135595,-0.00398236925785423,0.0835066445750121,0.0518606817523893,0.243771337871902,0.136982629451339,0.480863430217127,0.135046203009918,0.0249890295132477,-4.6195483391109e-005
0.5616522581453,9.43238714801463,0.449155301913448,0.558843922148501,-0.0082280587879964,0.189532491443275,-0.00377523625136278,0.0833454870456189,0.0521192842346148,0.243345070523911,0.137665230658142,0.480437044621401,0.13571437993209,0.0229902912120693,-4.37927405158082e-005
0.57577004461447,9.44037858287406,0.449954208210328,0.561421416651868,-0.00828007925711669,0.175845875440497,-0.00359502453544935,0.0832108731739311,0.0523339334049329,0.24298901179356,0.138231778842825,0.480080884086079,0.136268594483701,0.0213301046909323,-4.17022846112125e-005
0.589887831083641,9.44767236919214,0.450688680235087,0.56381275471457,-0.00832959790236859,0.163159806495178,-0.00342087851166578,0.0830854872458042,0.0525327689078665,0.242657361060679,0.138756557730618,0.479749135848282,0.13678163290559,0.0197912845278651,-3.96821907353231e-005
0.604005617552811,9.45433701951961,0.451364403809377,0.566031658269733,-0.00837670119346146,0.151398823686617,-0.00325293441363046,0.0829687176567793,0.0527169981162588,0.242348500645175,0.139242758799547,0.479440182144299,0.13725666617383,0.0183646773131867,-3.77340391981134e-005
0.621910237856803,9.46197745299475,0.452144665051318,0.56861722560784,-0.00843310328134457,0.137706943648565,-0.00304895009840899,0.0828321371307972,0.0529313428730541,0.241987239161232,0.139808401487272,0.479078808263468,0.137808936398865,0.0167038522645709,-3.53678211415443e-005
0.639814858160795,9.46880974802366,0.45284761602339,0.570969007806001,-0.00848594288148517,0.12526480315487,-0.00285504719491315,0.0827074251884743,0.0531259994606495,0.241657370278065,0.140322051247111,0.478748833398382,0.138310058337793,0.0151946206226858,-3.31185474609926e-005
0.657719478464787,9.47492812384928,0.45348146908782,0.573108358207546,-0.00853539996058589,0.113956213564585,-0.0026711471058526,0.0825935808784597,0.0533028179149409,0.241356246492746,0.140788597236944,0.478447609815808,0.138764878478846,0.0138228887053842,-3.09853064278902e-005
0.675624098768779,9.48041440294727,0.454053446033531,0.57505463621897,-0.00858165227338707,0.103676195597664,-0.00249708323641771,0.0824896824093864,0.0534634669283481,0.24108142967649,0.14121244901828,0.478172699144277,0.139177764238452,0.0125759225259966,-2.89661655424454e-005
0.693528719072771,9.48534005609385,0.454569910003642,0.576825400300983,-0.00862487399979701,0.0943298098729412,-0.00233262100137917,0.0823948819444106,0.0536094527986123,0.240830677306816,0.141597586706354,0.477921858610557,0.139552654434447,0.0114422059375878,-2.70584036159984e-005
0.717041085844283,9.49105928349006,0.455173216671552,0.578910491014014,-0.00867731301093222,0.0833324335681671,-0.00213075661249415,0.0822829223431812,0.0537811369409947,0.240534537759353,0.142050484341674,0.477625611502885,0.139993119245487,0.0101082241918187,-2.47167767049321e-005
0.740553452615795,9.49603726951197,0.455701594001222,0.580751864728982,-0.00872518342642874,0.0736277663911326,-0.00194424226797856,0.0821837517306699,0.0539325592890937,0.240272225481788,0.142449894869943,0.477363200466742,0.140381180127907,0.00893104806324439,-2.25532103085513e-005
0.764065819387307,9.50037854706707,0.456164812502266,0.582378537149466,-0.00876883935093597,0.0650602765332066,-0.00177228449554672,0.0820959124309233,0.0540661739180254,0.240039884917046,0.142802301123653,0.477130769364417,0.140723235957886,0.00789181154347796,-2.05585001483419e-005
0.78757818615882,9.50417257473667,0.456571427901657,0.583816326007542,-0.00880861759813062,0.0574919294758649,-0.0016140547995126,0.0820180918594172,0.0541841545817614,0.239834044270494,0.143113444891818,0.476924845828721,0.14102494866789,0.00697377104542241,-1.87230356743461e-005
0.811090552930332,9.50748969563118,0.456928423275068,0.585086446923313,-0.00884482456864791,0.0508096128075559,-0.00146871948426724,0.0819492052938062,0.0542882837425683,0.23965183443869,0.143388033707278,0.47674256022339,0.141290953145059,0.00616320603355653,-1.70371460174999e-005
0.834602919701844,9.51039595423153,0.457242301683478,0.586209300441119,-0.00887776055224037,0.0449047193584914,-0.00133542740714592,0.081888195855465,0.0543802664533469,0.239490459963136,0.143630570497804,0.476581116549828,0.141525681120469,0.00544694245818501,-1.54909579228927e-005
0.855764049796205,9.51270550800436,0.457492430200161,0.587108455829395,-0.00890483515165248,0.0401779870398323,-0.00122506726175375,0.0818392664499573,0.0544538746732764,0.239361037915107,0.143824641634856,0.476451637425866,0.141713333123742,0.00487358982793166,-1.42107802363435e-005
0.876925179890566,9.51475888020013,0.457715352206691,0.587913249375459,-0.00892966754456241,0.0359486820899326,-0.00112319749785703,0.0817954158244485,0.0545197207449338,0.239245049501118,0.143998233510733,0.476335596509933,0.141881037473348,0.00436057513750883,-1.30290909751415e-005
0.904555771651513,9.51710210489368,0.457970378257502,0.588838061151142,-0.00895900021588101,0.0310903007421612,-0.00100203674634517,0.0817449603730247,0.0545953427831772,0.239111590620591,0.144197579418038,0.476202075424394,0.142073428882477,0.00377125348002415,-1.16236262576039e-005
0.932186363412459,9.51911437825117,0.458189909067257,0.589637863845154,-0.00898515758739294,0.0268900599363564,-0.000893202969761005,0.0817012687299571,0.0546607051538427,0.238996022406094,0.144369861581504,0.476086451566592,0.142239509382777,0.00326176427028003,-1.03611544492277e-005
0.987447546934353,9.52233374944588,0.458541953702524,0.590928127015746,-0.00902921731736441,0.0201168069639247,-0.000708108783430302,0.0816306740475163,0.0547660757636345,0.238809292896743,0.144647554165764,0.475899627964372,0.142506755828821,0.00244016868472406,-8.2140618877915e-006
1.03676193820877,9.52449743741665,0.458779054756036,0.591802872291255,-0.00906073081063106,0.0155267117893026,-0.00057425142244833,0.0815827364565445,0.0548374608480554,0.238682493148156,0.144835643542895,0.475772760634024,0.142687373662338,0.00188339014004241,-6.66131650040062e-006
1.08607632948319,9.5261565070898,0.458961093592647,0.592478091740094,-0.00908626413648437,0.0119847075777907,-0.000464788676842813,0.0815456905416154,0.0548925345934317,0.238584502716879,0.144980726949405,0.475674715272986,0.142826403366493,0.00145374502918601,-5.39154865137663e-006
1.13539072075762,9.527429696668,0.459100880697279,0.592999031194846,-0.0091069113264189,0.00925269134620956,-0.000375531437633437,0.0815170837910182,0.0549350075107678,0.238508834579105,0.145092593502412,0.475599002603948,0.142933374673309,0.00112235146029522,-4.35616467654786e-006
1.18470511203204,9.52840835064128,0.459208287126239,0.593401020671678,-0.00912357871262614,0.00714487856472324,-0.000302935149493151,0.0814949939102855,0.0549677720811252,0.238450404151997,0.145178872957127,0.475540536155373,0.143015702454928,0.000866673769900929,-3.51404773412055e-006
1.23401950330646,9.52916188104709,0.459290936138297,0.593711445362288,-0.00913701413004673,0.00551740207109423,-0.000244022963596057,0.0814779266303468,0.0549930674905467,0.238405258995156,0.145245470756162,0.475495361914035,0.143079114849268,0.00066926087122373,-2.83066637771426e-006
1.28333389458088,9.5297425984935,0.459354548210892,0.593951248981639,-0.00914783023336626,0.00426031222969821,-0.000196303654257844,0.0814647367511241,0.0550126046108531,0.238370369969797,0.145296898065333,0.475460449443279,0.143127977767517,0.000516775873462393,-2.277122389391e-006
1.3326482858553,9.53019008335422,0.459403546476395,0.594136442667171,-0.00915652642416924,0.00328959531596241,-0.000157722526793341,0.0814545473671978,0.0550276904222313,0.238343417589544,0.145336600364864,0.475433478192715,0.143165618286562,0.00039902791182624,-1.82958131080275e-006
1.38196267712972,9.53053422560876,0.459441152439464,0.594279120925957,-0.00916350103775084,0.0025417897965777,-0.00012661005519225,0.0814466952830814,0.0550393116550787,0.238322647643627,0.145367178400018,0.475412693099271,0.143194542710212,0.000308319102324875,-1.4686766402301e-006
1.42596426584007,9.53077410466753,0.459467324997414,0.594378681317238,-0.00916854849002166,0.00201999993429773,-0.000103990049633161,0.0814412151440254,0.0550474202471339,0.23830815181149,0.145388509755494,0.475398186297839,0.143214677365027,0.000245025992030314,-1.20628457574467e-006
1.46996585455042,9.53096475478389,0.45948809287182,0.594457879389392,-0.009172694782742,0.00160494456189143,-8.5335373472006e-005,0.081436855239056,0.0550538700617226,0.238296619147343,0.145405474339322,0.475386644618308,0.14323065890419,0.00019467977535743,-9.8989033227527e-007
1.51396744326076,9.53111630032499,0.45950458328353,0.594520885810585,-0.00917609830716406,0.00127475790181567,-6.99667925326553e-005,0.0814333863300885,0.0550590009972443,0.238287443291586,0.14541896754366,0.475377461359141,0.143243345166848,0.000154628133490241,-8.11614793378801e-007
1.55796903197111,9.53123665007857,0.459517652356658,0.594570953633182,-0.00917888851694828,0.00101238381347551,-5.73226509243476e-005,0.0814306295437273,0.0550630781205722,0.238280151103422,0.145429687496582,0.475370163099611,0.14325340358889,0.000122802156574579,-6.64942750722432e-007
1.60197062068146,9.53133215785953,0.459528009451513,0.594610708268653,-0.00918117349528212,0.000804059858025206,-4.69334687406986e-005,0.0814284404667816,0.0550663153220533,0.238274360592496,0.145438197455439,0.475364367615304,0.143261371802213,9.75324607784575e-005,-5.44428237392103e-007
1.66552877544119,9.53143593308758,0.459539232591627,0.59465392724003,-0.00918375396873735,0.000577587478335304,-3.5153415475939e-005,0.0814260604812273,0.0550698345240614,0.238268065072834,0.145447446529097,0.475358066477613,0.143270009071408,7.00613611220724e-005,-4.07779619520893e-007
1.72908693020092,9.53150985587026,0.459547199801324,0.594684736023651,-0.00918567649661466,0.000416151281962503,-2.63374970591126e-005,0.0814243638079677,0.0550723431358039,0.238263577028113,0.145454037693805,0.47535357424627,0.143276144423983,5.04791505020516e-005,-3.05514965885706e-007
1.79264508496064,9.53156270319382,0.459552884212452,0.594706778498481,-0.009187109954294,0.000300654175454841,-1.97386497751791e-005,0.0814231498574495,0.0550741379169145,0.238260365870666,0.145458752001143,0.475350359966661,0.143280518872846,3.64693514826722e-005,-2.28968337392077e-007
1.85620323972037,9.53160069664162,0.459556963394036,0.594722636114411,-0.00918818075493227,0.000217566751026788,-1.47925647422485e-005,0.0814222765026853,0.0550754290870281,0.238258055653121,0.145462142579821,0.475348047416526,0.143283655575409,2.63908468995494e-005,-1.71593751010083e-007
1.9197613944801,9.53162814489438,0.459559898593634,0.59473409790803,-0.00918898200185767,0.000157512957655224,-1.10798500750977e-005,0.0814216452341353,0.0550763623287397,0.238256385801688,0.14546459262314,0.475346375819511,0.143285915651101,1.91063217635787e-005,-1.28526260871134e-007
1.98331954923983,9.53164825416352,0.459562042723816,0.594742497587385,-0.00918958640190738,0.000113503633965678,-8.27226284475894e-006,0.0814211826074793,0.0550770462425093,0.23825516204347,0.145466387710533,0.475345150744457,0.143287567441293,1.37679908000368e-005,-9.59582489992037e-008
2,9.53165259010161,0.459562505621698,0.59474430914066,-0.00918971910653738,0.000104012273782817,-7.65502948284677e-006,0.0814210828323423,0.0550771937412289,0.238254898113858,0.145466774800587,0.475344886525704,0.143287923068407,1.26166888098557e-005,-8.87983420010225e-008
